{
  "display": {
    "background": "minecraft:textures/block/stone.png",
    "icon": {
      "item": "minecraft:barrier"
    },
    "title": {
      "translate": "advancements.war_ad.title"
    },
    "description": {
      "translate": "advancements.war_ad.descr"
    },
    "frame": "goal",
    "show_toast": true,
    "announce_to_chat": true,
    "hidden": false
  },
  "criteria": {
    "war_ad": {
      "trigger": "minecraft:changed_dimension",
      "conditions": {
        "to": "timeextraminer:war_dimension"
      }
    }
  },
  "rewards": {
    "experience": 300
  }
}