{
  "_fv": 33,
  "_type": "gui",
  "definition": {
    "type": 0,
    "width": 176,
    "height": 166,
    "inventoryOffsetX": 0,
    "inventoryOffsetY": 0,
    "renderBgLayer": true,
    "doesPauseGame": false,
    "components": [
      {
        "type": "label",
        "data": {
          "text": "Bonjour, je suis Hans Weber et",
          "color": {
            "value": -16777216,
            "falpha": 0.0
          },
          "name": "Bonjour, je suis Hans Weber et",
          "x": 133,
          "y": 43
        }
      },
      {
        "type": "label",
        "data": {
          "text": "et ça fait 378 ans que nous",
          "color": {
            "value": -16777216,
            "falpha": 0.0
          },
          "name": "et ça fait 378 ans que nous",
          "x": 133,
          "y": 52
        }
      },
      {
        "type": "label",
        "data": {
          "text": "avons quitté la Terre.",
          "color": {
            "value": -16777216,
            "falpha": 0.0
          },
          "name": "avons quitté la Terre.",
          "x": 133,
          "y": 62
        }
      },
      {
        "type": "label",
        "data": {
          "text": "Nous survivons grâce au",
          "color": {
            "value": -16777216,
            "falpha": 0.0
          },
          "name": "Nous survivons grâce au",
          "x": 133,
          "y": 73
        }
      },
      {
        "type": "label",
        "data": {
          "text": "plantation qui grâce à la",
          "color": {
            "value": -16777216,
            "falpha": 0.0
          },
          "name": "plantation qui grâce à la",
          "x": 133,
          "y": 84
        }
      },
      {
        "type": "label",
        "data": {
          "text": "photosynthèse nous aides à ",
          "color": {
            "value": -16777216,
            "falpha": 0.0
          },
          "name": "photosynthèse nous aides à ",
          "x": 133,
          "y": 96
        }
      },
      {
        "type": "label",
        "data": {
          "text": "survivre. Nous voulons détruire ",
          "color": {
            "value": -16777216,
            "falpha": 0.0
          },
          "name": "survivre. Nous voulons détruire ",
          "x": 132,
          "y": 107
        }
      },
      {
        "type": "label",
        "data": {
          "text": "Glacio, mais on as besoin d'une",
          "color": {
            "value": -16777216,
            "falpha": 0.0
          },
          "name": "Glacio, mais on as besoin d'une",
          "x": 132,
          "y": 118
        }
      },
      {
        "type": "label",
        "data": {
          "text": "Nuke, vous pouvez m'en apporté ",
          "color": {
            "value": -16777216,
            "falpha": 0.0
          },
          "name": "Nuke, vous pouvez m'en apporté ",
          "x": 132,
          "y": 129
        }
      },
      {
        "type": "label",
        "data": {
          "text": "une ?",
          "color": {
            "value": -16777216,
            "falpha": 0.0
          },
          "name": "une ?",
          "x": 132,
          "y": 138
        }
      },
      {
        "type": "button",
        "data": {
          "text": "Ja",
          "onClick": {
            "name": "Janotnein"
          },
          "width": 35,
          "height": 20,
          "name": "Ja",
          "x": 139,
          "y": 170
        }
      },
      {
        "type": "button",
        "data": {
          "text": "Nein",
          "onClick": {
            "name": "Ja"
          },
          "width": 46,
          "height": 20,
          "name": "Nein",
          "x": 239,
          "y": 170
        }
      }
    ],
    "gridSettings": {
      "sx": 18,
      "sy": 18,
      "ox": 11,
      "oy": 15,
      "snapOnGrid": false
    }
  }
}