{
  "_fv": 33,
  "_type": "fluid",
  "definition": {
    "name": "Helium 3fluid",
    "bucketName": "Helium 3fluid Bucket",
    "textureStill": "helium3_still",
    "textureFlowing": "helium3_flow",
    "tintType": "No tint",
    "canMultiply": false,
    "flowRate": 5,
    "levelDecrease": 1,
    "slopeFindDistance": 4,
    "spawnParticles": false,
    "dripParticle": {
      "value": "EXPLOSION_NORMAL"
    },
    "flowStrength": 1.0,
    "luminosity": 0,
    "density": 0,
    "viscosity": 1000,
    "isGas": false,
    "temperature": 300,
    "type": "WATER",
    "generateBucket": true,
    "textureBucket": "",
    "creativeTab": {
      "value": "CUSTOM:TimeExtraMiner"
    },
    "emptySound": {
      "value": ""
    },
    "rarity": "COMMON",
    "specialInfo": [],
    "resistance": 100.0,
    "luminance": 0,
    "lightOpacity": 1,
    "emissiveRendering": false,
    "tickRate": 10,
    "flammability": 0,
    "fireSpreadSpeed": 0,
    "colorOnMap": "DEFAULT",
    "frequencyOnChunks": 5,
    "spawnWorldTypes": [],
    "restrictionBiomes": []
  }
}