{
  "_fv": 33,
  "_type": "recipe",
  "definition": {
    "recipeType": "Crafting",
    "xpReward": 0.0,
    "cookingTime": 200,
    "recipeRetstackSize": 2,
    "group": "",
    "recipeShapeless": false,
    "recipeSlots": [
      {
        "value": ""
      },
      {
        "value": "CUSTOM:HyperCubes"
      },
      {
        "value": ""
      },
      {
        "value": "CUSTOM:HyperCubes"
      },
      {
        "value": "CUSTOM:HyperCubes"
      },
      {
        "value": "CUSTOM:HyperCubes"
      },
      {
        "value": ""
      },
      {
        "value": "CUSTOM:HyperCubes"
      },
      {
        "value": ""
      }
    ],
    "recipeReturnStack": {
      "value": "Items.NETHER_STAR"
    },
    "name": "temporal_wither_star",
    "namespace": "mod"
  }
}