{
  "_fv": 33,
  "_type": "recipe",
  "definition": {
    "recipeType": "Crafting",
    "xpReward": 0.0,
    "cookingTime": 200,
    "recipeRetstackSize": 2,
    "group": "",
    "recipeShapeless": false,
    "recipeSlots": [
      {
        "value": "CUSTOM:TimeCubes"
      },
      {
        "value": "CUSTOM:TimeCubes"
      },
      {
        "value": ""
      },
      {
        "value": "CUSTOM:TimeCubes"
      },
      {
        "value": "CUSTOM:TimeCubes"
      },
      {
        "value": ""
      },
      {
        "value": ""
      },
      {
        "value": ""
      },
      {
        "value": ""
      }
    ],
    "recipeReturnStack": {
      "value": "Items.SKULL#1"
    },
    "name": "temporal_wither_heads",
    "namespace": "mod"
  }
}