{
  "_fv": 33,
  "_type": "achievement",
  "definition": {
    "achievementName": "Voyager Temporelle",
    "achievementDescription": "Voyager dans le Temps",
    "achievementIcon": {
      "value": "Blocks.BARRIER"
    },
    "background": "Default",
    "disableDisplay": false,
    "showPopup": true,
    "announceToChat": true,
    "hideIfNotCompleted": false,
    "rewardLoot": [],
    "rewardRecipes": [],
    "rewardFunction": "No function",
    "rewardXP": 300,
    "achievementType": "goal",
    "parent": {
      "value": "No parent: root"
    },
    "triggerxml": "<xml xmlns=\"https://developers.google.com/blockly/xml\"><block type=\"dimension_entered\" x=\"52\" y=\"36\"><field name=\"dimension\">CUSTOM:WarDimension</field><next><block type=\"advancement_trigger\" deletable=\"false\"></block></next></block></xml>"
  }
}