{
	"credit": "aurilisdev",
	"parent": "block/cube_all",
	"texture_size": [128, 128],
	"textures": {
		"0": "ballistix:block/antimatterbase",
		"particle": "ballistix:block/antimatterbase"
	},
	"elements": [
		{
			"from": [0, 1, 0],
			"to": [4, 15, 4],
			"rotation": {"angle": 0, "axis": "y", "origin": [9, 23, 9]},
			"faces": {
				"north": {"uv": [2.5, 5.625, 3, 7.375], "texture": "#0"},
				"east": {"uv": [3, 5.625, 3.5, 7.375], "texture": "#0"},
				"south": {"uv": [3.5, 5.625, 4, 7.375], "texture": "#0"},
				"west": {"uv": [4, 5.625, 4.5, 7.375], "texture": "#0"},
				"up": {"uv": [5.875, 1.375, 5.375, 0.875], "texture": "#0"},
				"down": {"uv": [8.375, 2.5, 7.875, 3], "texture": "#0"}
			}
		},
		{
			"from": [12, 1, 0],
			"to": [16, 15, 4],
			"rotation": {"angle": 0, "axis": "y", "origin": [19, 23, 9]},
			"faces": {
				"north": {"uv": [4.5, 5.625, 5, 7.375], "texture": "#0"},
				"east": {"uv": [5, 5.625, 5.5, 7.375], "texture": "#0"},
				"south": {"uv": [5.5, 5.625, 6, 7.375], "texture": "#0"},
				"west": {"uv": [6, 4.375, 6.5, 6.125], "texture": "#0"},
				"up": {"uv": [8.375, 3.5, 7.875, 3], "texture": "#0"},
				"down": {"uv": [7.5, 7.875, 7, 8.375], "texture": "#0"}
			}
		},
		{
			"from": [12, 1, 6],
			"to": [16, 15, 10],
			"rotation": {"angle": 0, "axis": "y", "origin": [19, 23, 14]},
			"faces": {
				"north": {"uv": [6.125, 0.875, 6.625, 2.625], "texture": "#0"},
				"east": {"uv": [6, 6.125, 6.5, 7.875], "texture": "#0"},
				"south": {"uv": [0, 6.25, 0.5, 8], "texture": "#0"},
				"west": {"uv": [0.5, 6.25, 1, 8], "texture": "#0"},
				"up": {"uv": [0.5, 8.5, 0, 8], "texture": "#0"},
				"down": {"uv": [1, 8, 0.5, 8.5], "texture": "#0"}
			}
		},
		{
			"from": [0, 1, 6],
			"to": [4, 15, 10],
			"rotation": {"angle": 0, "axis": "y", "origin": [9, 23, 14]},
			"faces": {
				"north": {"uv": [1, 6.25, 1.5, 8], "texture": "#0"},
				"east": {"uv": [1.5, 6.25, 2, 8], "texture": "#0"},
				"south": {"uv": [2, 6.25, 2.5, 8], "texture": "#0"},
				"west": {"uv": [6.375, 2.625, 6.875, 4.375], "texture": "#0"},
				"up": {"uv": [1.5, 8.5, 1, 8], "texture": "#0"},
				"down": {"uv": [2, 8, 1.5, 8.5], "texture": "#0"}
			}
		},
		{
			"from": [6, 1, 0],
			"to": [10, 15, 4],
			"rotation": {"angle": 0, "axis": "y", "origin": [14, 23, 9]},
			"faces": {
				"north": {"uv": [6.5, 4.375, 7, 6.125], "texture": "#0"},
				"east": {"uv": [6.5, 6.125, 7, 7.875], "texture": "#0"},
				"south": {"uv": [6.625, 0.875, 7.125, 2.625], "texture": "#0"},
				"west": {"uv": [6.875, 2.625, 7.375, 4.375], "texture": "#0"},
				"up": {"uv": [2.5, 8.5, 2, 8], "texture": "#0"},
				"down": {"uv": [8.5, 3.5, 8, 4], "texture": "#0"}
			}
		},
		{
			"from": [4.75, 1, 4.75],
			"to": [11.25, 15, 11.25],
			"rotation": {"angle": 0, "axis": "y", "origin": [14, 23, 14]},
			"faces": {
				"north": {"uv": [3, 3, 3.875, 4.75], "texture": "#0"},
				"east": {"uv": [3.875, 3, 4.75, 4.75], "texture": "#0"},
				"south": {"uv": [0, 4.5, 0.875, 6.25], "texture": "#0"},
				"west": {"uv": [4.5, 0, 5.375, 1.75], "texture": "#0"},
				"up": {"uv": [8.25, 6, 7.5, 5.25], "texture": "#0"},
				"down": {"uv": [8.25, 6, 7.5, 5.25], "texture": "#0"}
			}
		},
		{
			"from": [4.75, 1, 4.75],
			"to": [11.25, 15, 11.25],
			"rotation": {"angle": 0, "axis": "y", "origin": [14, 23, 14]},
			"faces": {
				"north": {"uv": [3, 3, 3.875, 4.75], "texture": "#0"},
				"east": {"uv": [3.875, 3, 4.75, 4.75], "texture": "#0"},
				"south": {"uv": [0, 4.5, 0.875, 6.25], "texture": "#0"},
				"west": {"uv": [4.5, 0, 5.375, 1.75], "texture": "#0"},
				"up": {"uv": [8.25, 6, 7.5, 5.25], "texture": "#0"},
				"down": {"uv": [8.25, 6, 7.5, 5.25], "texture": "#0"}
			}
		},
		{
			"from": [6, 1, 12],
			"to": [10, 15, 16],
			"rotation": {"angle": 0, "axis": "y", "origin": [14, 23, 19]},
			"faces": {
				"north": {"uv": [7, 4.375, 7.5, 6.125], "texture": "#0"},
				"east": {"uv": [7, 6.125, 7.5, 7.875], "texture": "#0"},
				"south": {"uv": [7.125, 0, 7.625, 1.75], "texture": "#0"},
				"west": {"uv": [7.375, 1.75, 7.875, 3.5], "texture": "#0"},
				"up": {"uv": [8.5, 4.5, 8, 4], "texture": "#0"},
				"down": {"uv": [8.5, 4.5, 8, 5], "texture": "#0"}
			}
		},
		{
			"from": [0, 1, 12],
			"to": [4, 15, 16],
			"rotation": {"angle": 0, "axis": "y", "origin": [9, 23, 20]},
			"faces": {
				"north": {"uv": [2.5, 7.375, 3, 9.125], "texture": "#0"},
				"east": {"uv": [3, 7.375, 3.5, 9.125], "texture": "#0"},
				"south": {"uv": [3.5, 7.375, 4, 9.125], "texture": "#0"},
				"west": {"uv": [4, 7.375, 4.5, 9.125], "texture": "#0"},
				"up": {"uv": [8.5, 8.25, 8, 7.75], "texture": "#0"},
				"down": {"uv": [8.625, 1.25, 8.125, 1.75], "texture": "#0"}
			}
		},
		{
			"from": [12, 1, 12],
			"to": [16, 15, 16],
			"rotation": {"angle": 0, "axis": "y", "origin": [20, 23, 20]},
			"faces": {
				"north": {"uv": [4.5, 7.375, 5, 9.125], "texture": "#0"},
				"east": {"uv": [5, 7.375, 5.5, 9.125], "texture": "#0"},
				"south": {"uv": [5.5, 7.375, 6, 9.125], "texture": "#0"},
				"west": {"uv": [7.5, 3.5, 8, 5.25], "texture": "#0"},
				"up": {"uv": [8.625, 2.25, 8.125, 1.75], "texture": "#0"},
				"down": {"uv": [8.5, 8.25, 8, 8.75], "texture": "#0"}
			}
		},
		{
			"from": [2, 2, 14],
			"to": [14, 14, 15],
			"rotation": {"angle": 0, "axis": "y", "origin": [8, 8, 23]},
			"faces": {
				"north": {"uv": [0, 0, 1.5, 1.5], "texture": "#0"},
				"east": {"uv": [7.375, 8.375, 7.5, 9.875], "texture": "#0"},
				"south": {"uv": [0, 1.5, 1.5, 3], "texture": "#0"},
				"west": {"uv": [0, 8.5, 0.125, 10], "texture": "#0"},
				"up": {"uv": [9.875, 7, 8.375, 6.875], "texture": "#0"},
				"down": {"uv": [1.625, 8.5, 0.125, 8.625], "texture": "#0"}
			}
		},
		{
			"from": [2, 2, 1],
			"to": [14, 14, 2],
			"faces": {
				"north": {"uv": [1.5, 0, 3, 1.5], "texture": "#0"},
				"east": {"uv": [1.625, 8.5, 1.75, 10], "texture": "#0"},
				"south": {"uv": [1.5, 1.5, 3, 3], "texture": "#0"},
				"west": {"uv": [1.75, 8.5, 1.875, 10], "texture": "#0"},
				"up": {"uv": [10, 3.625, 8.5, 3.5], "texture": "#0"},
				"down": {"uv": [10, 3.625, 8.5, 3.75], "texture": "#0"}
			}
		},
		{
			"from": [1, 2, 2],
			"to": [2, 14, 14],
			"faces": {
				"north": {"uv": [1.875, 8.5, 2, 10], "texture": "#0"},
				"east": {"uv": [0, 3, 1.5, 4.5], "texture": "#0"},
				"south": {"uv": [2, 8.5, 2.125, 10], "texture": "#0"},
				"west": {"uv": [3, 0, 4.5, 1.5], "texture": "#0"},
				"up": {"uv": [2.25, 10, 2.125, 8.5], "texture": "#0"},
				"down": {"uv": [2.375, 8.5, 2.25, 10], "texture": "#0"}
			}
		},
		{
			"from": [2, 4, 5],
			"to": [15, 11, 6],
			"faces": {
				"north": {"uv": [2.5, 4.75, 4.125, 5.625], "texture": "#0"},
				"south": {"uv": [4.75, 2.625, 6.375, 3.5], "texture": "#0"},
				"west": {"uv": [6, 0.875, 6.125, 1.75], "texture": "#0"},
				"up": {"uv": [10, 3.375, 8.375, 3.25], "texture": "#0"},
				"down": {"uv": [10, 3.375, 8.375, 3.5], "texture": "#0"}
			}
		},
		{
			"from": [2, 4, 10],
			"to": [15, 11, 11],
			"rotation": {"angle": 0, "axis": "y", "origin": [8, 8, 13]},
			"faces": {
				"north": {"uv": [0.875, 4.5, 2.5, 5.375], "texture": "#0"},
				"south": {"uv": [4.5, 1.75, 6.125, 2.625], "texture": "#0"},
				"west": {"uv": [5.875, 0.875, 6, 1.75], "texture": "#0"},
				"up": {"uv": [10, 3.125, 8.375, 3], "texture": "#0"},
				"down": {"uv": [10, 3.125, 8.375, 3.25], "texture": "#0"}
			}
		},
		{
			"from": [5, 4, 1.5],
			"to": [6, 11, 14.5],
			"rotation": {"angle": 0, "axis": "y", "origin": [8.5, 7.5, 8]},
			"faces": {
				"east": {"uv": [5.375, 0, 7, 0.875], "texture": "#0"},
				"south": {"uv": [7.125, 1.75, 7.25, 2.625], "texture": "#0"},
				"west": {"uv": [0.875, 5.375, 2.5, 6.25], "texture": "#0"},
				"up": {"uv": [7.25, 10, 7.125, 8.375], "texture": "#0"},
				"down": {"uv": [7.375, 8.375, 7.25, 10], "texture": "#0"}
			}
		},
		{
			"from": [10, 4, 1.5],
			"to": [11, 11, 14.5],
			"rotation": {"angle": 0, "axis": "y", "origin": [8.5, 7.5, 8]},
			"faces": {
				"east": {"uv": [4.75, 3.5, 6.375, 4.375], "texture": "#0"},
				"south": {"uv": [7, 0, 7.125, 0.875], "texture": "#0"},
				"west": {"uv": [4.125, 4.75, 5.75, 5.625], "texture": "#0"},
				"up": {"uv": [8.5, 6.875, 8.375, 5.25], "texture": "#0"},
				"down": {"uv": [7.125, 8.375, 7, 10], "texture": "#0"}
			}
		},
		{
			"from": [14, 2, 2],
			"to": [15, 14, 14],
			"rotation": {"angle": 0, "axis": "y", "origin": [23, 8, 8]},
			"faces": {
				"north": {"uv": [2.375, 8.5, 2.5, 10], "texture": "#0"},
				"east": {"uv": [1.5, 3, 3, 4.5], "texture": "#0"},
				"south": {"uv": [8.5, 5.25, 8.625, 6.75], "texture": "#0"},
				"west": {"uv": [3, 1.5, 4.5, 3], "texture": "#0"},
				"up": {"uv": [8.625, 9.25, 8.5, 7.75], "texture": "#0"},
				"down": {"uv": [0.25, 8.625, 0.125, 10.125], "texture": "#0"}
			}
		},
		{
			"from": [0.56, 0, 1.56],
			"to": [15.44, 0.92, 3.4],
			"rotation": {"angle": 0, "axis": "y", "origin": [8, 0.46, 8]},
			"faces": {
				"north": {"uv": [8.375, 2.5, 10.125, 2.625], "texture": "#0"},
				"east": {"uv": [4.75, 4.5, 5, 4.625], "texture": "#0"},
				"south": {"uv": [8.375, 2.625, 10.125, 2.75], "texture": "#0"},
				"west": {"uv": [4.75, 4.625, 5, 4.75], "texture": "#0"},
				"up": {"uv": [9.375, 0.5, 7.625, 0.25], "texture": "#0"},
				"down": {"uv": [9.375, 0.5, 7.625, 0.75], "texture": "#0"}
			}
		},
		{
			"from": [0.56, 0, 12.6],
			"to": [15.44, 0.92, 14.44],
			"rotation": {"angle": 0, "axis": "y", "origin": [8, 0.46, 8]},
			"faces": {
				"north": {"uv": [8.375, 2.75, 10.125, 2.875], "texture": "#0"},
				"east": {"uv": [5.25, 4.5, 5.5, 4.625], "texture": "#0"},
				"south": {"uv": [8.375, 2.875, 10.125, 3], "texture": "#0"},
				"west": {"uv": [5.25, 4.625, 5.5, 4.75], "texture": "#0"},
				"up": {"uv": [9.375, 1, 7.625, 0.75], "texture": "#0"},
				"down": {"uv": [9.375, 1, 7.625, 1.25], "texture": "#0"}
			}
		},
		{
			"from": [12.6, 0.025, 0.56],
			"to": [14.44, 0.92, 15.44],
			"rotation": {"angle": 0, "axis": "y", "origin": [8, 0.46, 8]},
			"faces": {
				"north": {"uv": [4.75, 4.625, 5, 4.75], "texture": "#0"},
				"east": {"uv": [8.375, 2.5, 10.125, 2.625], "texture": "#0"},
				"south": {"uv": [4.75, 4.5, 5, 4.625], "texture": "#0"},
				"west": {"uv": [8.375, 2.625, 10.125, 2.75], "texture": "#0"},
				"up": {"uv": [9.375, 0.5, 7.625, 0.25], "rotation": 90, "texture": "#0"},
				"down": {"uv": [9.375, 0.5, 7.625, 0.75], "rotation": 270, "texture": "#0"}
			}
		},
		{
			"from": [1.56, 0.025, 0.56],
			"to": [3.4, 0.92, 15.44],
			"rotation": {"angle": 0, "axis": "y", "origin": [8, 0.46, 8]},
			"faces": {
				"north": {"uv": [5.25, 4.625, 5.5, 4.75], "texture": "#0"},
				"east": {"uv": [8.375, 2.75, 10.125, 2.875], "texture": "#0"},
				"south": {"uv": [5.25, 4.5, 5.5, 4.625], "texture": "#0"},
				"west": {"uv": [8.375, 2.875, 10.125, 3], "texture": "#0"},
				"up": {"uv": [9.375, 1, 7.625, 0.75], "rotation": 90, "texture": "#0"},
				"down": {"uv": [9.375, 1, 7.625, 1.25], "rotation": 270, "texture": "#0"}
			}
		},
		{
			"from": [0.56, 15, 1.56],
			"to": [15.44, 15.92, 3.4],
			"rotation": {"angle": 0, "axis": "y", "origin": [8, 15.46, 8]},
			"faces": {
				"north": {"uv": [8.375, 2.5, 10.125, 2.625], "texture": "#0"},
				"east": {"uv": [4.75, 4.5, 5, 4.625], "texture": "#0"},
				"south": {"uv": [8.375, 2.625, 10.125, 2.75], "texture": "#0"},
				"west": {"uv": [4.75, 4.625, 5, 4.75], "texture": "#0"},
				"up": {"uv": [9.375, 0.5, 7.625, 0.25], "texture": "#0"},
				"down": {"uv": [9.375, 0.5, 7.625, 0.75], "texture": "#0"}
			}
		},
		{
			"from": [0.56, 15, 12.6],
			"to": [15.44, 15.92, 14.44],
			"rotation": {"angle": 0, "axis": "y", "origin": [8, 15.46, 8]},
			"faces": {
				"north": {"uv": [8.375, 2.75, 10.125, 2.875], "texture": "#0"},
				"east": {"uv": [5.25, 4.5, 5.5, 4.625], "texture": "#0"},
				"south": {"uv": [8.375, 2.875, 10.125, 3], "texture": "#0"},
				"west": {"uv": [5.25, 4.625, 5.5, 4.75], "texture": "#0"},
				"up": {"uv": [9.375, 1, 7.625, 0.75], "texture": "#0"},
				"down": {"uv": [9.375, 1, 7.625, 1.25], "texture": "#0"}
			}
		},
		{
			"from": [1.56, 15, 0.56],
			"to": [3.4, 15.895, 15.44],
			"rotation": {"angle": 0, "axis": "y", "origin": [8, 15.46, 8]},
			"faces": {
				"north": {"uv": [4.75, 4.5, 5, 4.625], "texture": "#0"},
				"east": {"uv": [8.375, 2.625, 10.125, 2.75], "texture": "#0"},
				"south": {"uv": [4.75, 4.625, 5, 4.75], "texture": "#0"},
				"west": {"uv": [8.375, 2.5, 10.125, 2.625], "texture": "#0"},
				"up": {"uv": [9.375, 0.5, 7.625, 0.25], "rotation": 270, "texture": "#0"},
				"down": {"uv": [9.375, 0.5, 7.625, 0.75], "rotation": 90, "texture": "#0"}
			}
		},
		{
			"from": [12.6, 15, 0.56],
			"to": [14.44, 15.895, 15.44],
			"rotation": {"angle": 0, "axis": "y", "origin": [8, 15.46, 8]},
			"faces": {
				"north": {"uv": [5.25, 4.5, 5.5, 4.625], "texture": "#0"},
				"east": {"uv": [8.375, 2.875, 10.125, 3], "texture": "#0"},
				"south": {"uv": [5.25, 4.625, 5.5, 4.75], "texture": "#0"},
				"west": {"uv": [8.375, 2.75, 10.125, 2.875], "texture": "#0"},
				"up": {"uv": [9.375, 1, 7.625, 0.75], "rotation": 270, "texture": "#0"},
				"down": {"uv": [9.375, 1, 7.625, 1.25], "rotation": 90, "texture": "#0"}
			}
		}
	]
}