{
	"credit": "aurilisdev",
	"parent": "block/cube_all",
	"elements": [
		{
			"from": [0, 1, 0],
			"to": [16, 2, 16],
			"rotation": {"angle": 0, "axis": "y", "origin": [8, 9, 8]},
			"faces": {
				"north": {"uv": [4, 4, 8, 4.25], "texture": "#missing"},
				"east": {"uv": [4, 4, 8, 4.25], "texture": "#missing"},
				"south": {"uv": [4, 4, 8, 4.25], "texture": "#missing"},
				"west": {"uv": [4, 4, 8, 4.25], "texture": "#missing"},
				"up": {"uv": [8, 4.25, 4, 0.25], "texture": "#missing"},
				"down": {"uv": [12, 0.25, 8, 4.25], "texture": "#missing"}
			}
		},
		{
			"from": [2, 2, 14],
			"to": [14, 14, 16],
			"rotation": {"angle": 0, "axis": "y", "origin": [8, 9, 8]},
			"faces": {
				"north": {"uv": [0, 13, 3, 16], "texture": "#missing"},
				"south": {"uv": [0, 13, 3, 16], "texture": "#missing"}
			}
		},
		{
			"from": [0, 14, 0],
			"to": [16, 16, 16],
			"rotation": {"angle": 0, "axis": "y", "origin": [8, 9, 8]},
			"faces": {
				"north": {"uv": [4, 3.75, 8, 4.25], "texture": "#missing"},
				"east": {"uv": [4, 3.75, 8, 4.25], "texture": "#missing"},
				"south": {"uv": [4, 3.75, 8, 4.25], "texture": "#missing"},
				"west": {"uv": [4, 3.75, 8, 4.25], "texture": "#missing"},
				"up": {"uv": [8, 4.25, 4, 0.25], "texture": "#missing"},
				"down": {"uv": [12, 0.25, 8, 4.25], "texture": "#missing"}
			}
		},
		{
			"from": [14, 2, 14],
			"to": [16, 14, 16],
			"rotation": {"angle": 0, "axis": "y", "origin": [8, 9, 8]},
			"faces": {
				"north": {"uv": [7.5, 0.25, 8, 3.25], "texture": "#missing"},
				"east": {"uv": [4, 0.25, 4.5, 3.25], "texture": "#missing"},
				"south": {"uv": [7.5, 0.25, 8, 3.25], "texture": "#missing"},
				"west": {"uv": [4, 0.25, 4.5, 3.25], "texture": "#missing"}
			}
		},
		{
			"from": [0, 2, 14],
			"to": [2, 14, 16],
			"rotation": {"angle": 0, "axis": "y", "origin": [1, 8, 15]},
			"faces": {
				"north": {"uv": [4, 0.25, 4.5, 3.25], "texture": "#missing"},
				"east": {"uv": [7.5, 0.25, 8, 3.25], "texture": "#missing"},
				"south": {"uv": [4, 0.25, 4.5, 3.25], "texture": "#missing"},
				"west": {"uv": [7.5, 0.25, 8, 3.25], "texture": "#missing"}
			}
		},
		{
			"from": [14, 2, 0],
			"to": [16, 14, 2],
			"rotation": {"angle": 0, "axis": "y", "origin": [8, 8, 8]},
			"faces": {
				"north": {"uv": [4, 0.25, 4.5, 3.25], "texture": "#missing"},
				"east": {"uv": [7.5, 0.25, 8, 3.25], "texture": "#missing"},
				"south": {"uv": [4, 0.25, 4.5, 3.25], "texture": "#missing"},
				"west": {"uv": [7.5, 0.25, 8, 3.25], "texture": "#missing"}
			}
		},
		{
			"from": [0, 2, 0],
			"to": [2, 14, 2],
			"rotation": {"angle": 0, "axis": "y", "origin": [8, 9, 8]},
			"faces": {
				"north": {"uv": [7.5, 0.25, 8, 3.25], "texture": "#missing"},
				"east": {"uv": [4, 0.25, 4.5, 3.25], "texture": "#missing"},
				"south": {"uv": [7.5, 0.25, 8, 3.25], "texture": "#missing"},
				"west": {"uv": [4, 0.25, 4.5, 3.25], "texture": "#missing"}
			}
		},
		{
			"from": [4, 0, 4],
			"to": [12, 1, 12],
			"rotation": {"angle": 0, "axis": "y", "origin": [7, 8, 8]},
			"faces": {
				"north": {"uv": [4, 4.25, 8, 4.5], "texture": "#missing"},
				"east": {"uv": [0, 4.25, 4, 4.5], "texture": "#missing"},
				"south": {"uv": [12, 4.25, 16, 4.5], "texture": "#missing"},
				"west": {"uv": [8, 4.25, 12, 4.5], "texture": "#missing"},
				"down": {"uv": [8, 10.5, 6, 12.5], "texture": "#missing"}
			}
		},
		{
			"from": [0, 0, 0],
			"to": [1, 1, 16],
			"faces": {
				"north": {"uv": [7.75, 1.5, 8, 1.75], "texture": "#missing"},
				"east": {"uv": [4, 3.75, 8, 4], "texture": "#missing"},
				"south": {"uv": [7.75, 1.5, 8, 1.75], "texture": "#missing"},
				"west": {"uv": [4, 3.75, 8, 4], "texture": "#missing"},
				"down": {"uv": [12, 0.25, 11.75, 4.25], "texture": "#missing"}
			}
		},
		{
			"from": [1, 0, 0],
			"to": [15, 1, 1],
			"faces": {
				"north": {"uv": [4, 4, 8, 4.25], "texture": "#missing"},
				"south": {"uv": [4, 4, 8, 4.25], "texture": "#missing"},
				"down": {"uv": [12, 0.5, 11.75, 4], "rotation": 270, "texture": "#missing"}
			}
		},
		{
			"from": [1, 0, 15],
			"to": [15, 1, 16],
			"rotation": {"angle": 0, "axis": "y", "origin": [8, 8, 23]},
			"faces": {
				"north": {"uv": [4, 4, 8, 4.25], "texture": "#missing"},
				"south": {"uv": [4, 4, 8, 4.25], "texture": "#missing"},
				"down": {"uv": [12, 0.5, 11.75, 4], "rotation": 270, "texture": "#missing"}
			}
		},
		{
			"from": [15, 0, 0],
			"to": [16, 1, 16],
			"rotation": {"angle": 0, "axis": "y", "origin": [23, 8, 8]},
			"faces": {
				"north": {"uv": [7.75, 1.5, 8, 1.75], "texture": "#missing"},
				"east": {"uv": [4, 3.75, 8, 4], "texture": "#missing"},
				"south": {"uv": [7.75, 1.5, 8, 1.75], "texture": "#missing"},
				"west": {"uv": [4, 3.75, 8, 4], "texture": "#missing"},
				"down": {"uv": [12, 0.25, 11.75, 4.25], "texture": "#missing"}
			}
		},
		{
			"from": [2, 2, 2],
			"to": [14, 3, 14],
			"faces": {
				"north": {"uv": [3, 7.5, 6, 7.75], "texture": "#missing"},
				"east": {"uv": [0, 7.5, 3, 7.75], "texture": "#missing"},
				"south": {"uv": [9, 7.5, 12, 7.75], "texture": "#missing"},
				"west": {"uv": [6, 7.5, 9, 7.75], "texture": "#missing"},
				"up": {"uv": [6, 7.5, 3, 4.5], "texture": "#missing"}
			}
		},
		{
			"from": [6, 3, 6],
			"to": [10, 6, 10],
			"faces": {
				"north": {"uv": [11.5, 13.25, 12.5, 14.25], "texture": "#missing"},
				"east": {"uv": [11.5, 13.25, 12.5, 14.25], "texture": "#missing"},
				"south": {"uv": [11.5, 13.25, 12.5, 14.25], "texture": "#missing"},
				"west": {"uv": [11.5, 13.25, 12.5, 14.25], "texture": "#missing"}
			}
		},
		{
			"from": [5, 6, 5],
			"to": [11, 7, 11],
			"faces": {
				"north": {"uv": [13.25, 13.25, 16, 13.5], "texture": "#missing"},
				"east": {"uv": [13.25, 13.25, 16, 13.5], "texture": "#missing"},
				"south": {"uv": [13.25, 13.25, 16, 13.5], "texture": "#missing"},
				"west": {"uv": [13.25, 13.25, 16, 13.5], "texture": "#missing"},
				"up": {"uv": [16, 16, 15, 15], "texture": "#missing"},
				"down": {"uv": [16, 16, 15, 15], "texture": "#missing"}
			}
		},
		{
			"from": [5.25, 7, 5.25],
			"to": [6.25, 8, 10.75],
			"faces": {
				"north": {"uv": [13.25, 13.25, 13.5, 13.5], "texture": "#missing"},
				"east": {"uv": [14, 13.25, 16, 13.5], "texture": "#missing"},
				"south": {"uv": [13.25, 13.25, 13.5, 13.5], "texture": "#missing"},
				"west": {"uv": [14, 13.25, 16, 13.5], "texture": "#missing"},
				"up": {"uv": [16, 16, 15.75, 15], "texture": "#missing"}
			}
		},
		{
			"from": [9.75, 7, 5.25],
			"to": [10.75, 8, 10.75],
			"faces": {
				"north": {"uv": [13.25, 13.25, 13.5, 13.5], "texture": "#missing"},
				"east": {"uv": [14, 13.25, 16, 13.5], "texture": "#missing"},
				"south": {"uv": [13.25, 13.25, 13.5, 13.5], "texture": "#missing"},
				"west": {"uv": [14, 13.25, 16, 13.5], "texture": "#missing"},
				"up": {"uv": [16, 16, 15.75, 15], "texture": "#missing"}
			}
		},
		{
			"from": [7, 3, 3.5],
			"to": [9, 7.25, 4.5],
			"rotation": {"angle": -45, "axis": "x", "origin": [8, 5.625, 4]},
			"rotated": [-45, -3.55576, 1.61833],
			"faces": {
				"north": {"uv": [11, 9.25, 10, 8.25], "texture": "#missing"},
				"east": {"uv": [11, 9.25, 10, 8.25], "texture": "#missing"},
				"south": {"uv": [11, 9.25, 10, 8.25], "texture": "#missing"},
				"west": {"uv": [11, 9.25, 10, 8.25], "texture": "#missing"},
				"up": {"uv": [11, 9.25, 10, 8.25], "texture": "#missing"}
			}
		},
		{
			"from": [7, 6, 2.5],
			"to": [9, 8.25, 3.5],
			"rotation": {"angle": 0, "axis": "y", "origin": [8, 4.5, 8]},
			"faces": {
				"north": {"uv": [11, 9.25, 10, 8.25], "texture": "#missing"},
				"east": {"uv": [11, 9.25, 10, 8.25], "texture": "#missing"},
				"south": {"uv": [11, 9.25, 10, 8.25], "texture": "#missing"},
				"west": {"uv": [11, 9.25, 10, 8.25], "texture": "#missing"},
				"up": {"uv": [11, 9.25, 10, 8.25], "texture": "#missing"},
				"down": {"uv": [11, 9.25, 10, 8.25], "texture": "#missing"}
			}
		},
		{
			"from": [7, 3, 5.5],
			"to": [9, 4, 8],
			"rotation": {"angle": 0, "axis": "y", "origin": [8, 4.5, 8]},
			"faces": {
				"north": {"uv": [11, 9.25, 10, 8.25], "texture": "#missing"},
				"east": {"uv": [11, 9.25, 10, 8.25], "texture": "#missing"},
				"west": {"uv": [11, 9.25, 10, 8.25], "texture": "#missing"}
			}
		},
		{
			"from": [7.5, 6.75, 6],
			"to": [8.5, 14, 7],
			"rotation": {"angle": 45, "axis": "x", "origin": [8, 11.5, 6]},
			"faces": {
				"north": {"uv": [3.25, 7, 3, 4.5], "texture": "#missing"},
				"east": {"uv": [3.25, 7, 3, 4.5], "texture": "#missing"},
				"south": {"uv": [3.25, 7, 3, 4.5], "texture": "#missing"},
				"west": {"uv": [3.25, 7, 3, 4.5], "texture": "#missing"},
				"up": {"uv": [4, 6, 3.5, 5.5], "texture": "#missing"}
			}
		},
		{
			"from": [7.75, 9.25, 7.75],
			"to": [8.25, 12.5, 8.25],
			"rotation": {"angle": 0, "axis": "y", "origin": [8, 4.5, 8]},
			"faces": {
				"north": {"uv": [12.5, 16, 12.25, 12.75], "texture": "#missing"},
				"east": {"uv": [12.5, 16, 12.25, 12.75], "texture": "#missing"},
				"south": {"uv": [12.5, 16, 12.25, 12.75], "texture": "#missing"},
				"west": {"uv": [12.5, 16, 12.25, 12.75], "texture": "#missing"},
				"down": {"uv": [14, 14, 13.75, 13.75], "texture": "#missing"}
			}
		},
		{
			"from": [2, 2, 0],
			"to": [14, 14, 2],
			"rotation": {"angle": 0, "axis": "y", "origin": [8, 9, 8]},
			"faces": {
				"north": {"uv": [0, 13, 3, 16], "texture": "#missing"},
				"south": {"uv": [0, 13, 3, 16], "texture": "#missing"}
			}
		},
		{
			"from": [14, 2, 2],
			"to": [16, 14, 14],
			"rotation": {"angle": 0, "axis": "y", "origin": [8, 9, 8]},
			"faces": {
				"east": {"uv": [0, 13, 3, 16], "texture": "#missing"},
				"west": {"uv": [0, 13, 3, 16], "texture": "#missing"}
			}
		},
		{
			"from": [0, 2, 2],
			"to": [2, 14, 14],
			"rotation": {"angle": 0, "axis": "y", "origin": [8, 9, 8]},
			"faces": {
				"east": {"uv": [0, 13, 3, 16], "texture": "#missing"},
				"west": {"uv": [0, 13, 3, 16], "texture": "#missing"}
			}
		}
	],
	"groups": [
		{
			"name": "group",
			"origin": [8, 9, 8],
			"color": 0,
			"children": [0, 1, 2, 3, 4, 5, 6, 7, 8, 9, 10, 11, 12, 13, 14, 15, 16, 17, 18, 19, 20, 21, 22, 23, 24]
		}
	]
}